order_id,product_id,quantity,unit_price,discount,line_amount
1,11,4,999.0,0.05,3796.2
1,9,2,999.0,0.05,1898.1
2,17,3,99.0,0.1,267.3
2,11,2,999.0,0.0,1998.0
2,14,4,99.0,0.1,356.4
2,8,2,149.0,0.1,268.2
3,17,2,99.0,0.0,198.0
3,9,3,999.0,0.0,2997.0
3,19,4,149.0,0.0,596.0
4,10,4,99.0,0.0,396.0
4,12,4,499.0,0.0,1996.0
5,4,3,999.0,0.05,2847.15
5,19,3,149.0,0.05,424.65
5,8,1,149.0,0.0,149.0
5,1,1,49.0,0.0,49.0
6,3,2,149.0,0.0,298.0
7,1,3,49.0,0.05,139.65
7,4,1,999.0,0.0,999.0
7,8,2,149.0,0.05,283.1
7,20,1,199.0,0.1,179.1
8,15,1,199.0,0.0,199.0
9,3,3,149.0,0.0,447.0
9,6,4,99.0,0.1,356.4
10,4,3,999.0,0.0,2997.0
10,2,1,49.0,0.0,49.0
10,6,4,99.0,0.0,396.0
10,11,2,999.0,0.15,1698.3
11,4,1,999.0,0.0,999.0
11,17,4,99.0,0.05,376.2
11,14,1,99.0,0.15,84.15
11,3,3,149.0,0.0,447.0
12,14,4,99.0,0.0,396.0
12,7,2,49.0,0.1,88.2
13,18,4,999.0,0.05,3796.2
13,4,2,999.0,0.05,1898.1
14,12,4,499.0,0.05,1896.2
14,10,2,99.0,0.0,198.0
14,9,1,999.0,0.0,999.0
14,1,4,49.0,0.05,186.2
15,9,1,999.0,0.05,949.05
15,13,3,149.0,0.05,424.65
15,16,2,199.0,0.0,398.0
15,7,1,49.0,0.0,49.0
16,8,4,149.0,0.05,566.2
16,1,4,49.0,0.0,196.0
16,19,2,149.0,0.0,298.0
16,11,1,999.0,0.0,999.0
17,20,4,199.0,0.0,796.0
17,16,2,199.0,0.0,398.0
17,2,2,49.0,0.1,88.2
18,16,1,199.0,0.0,199.0
18,9,3,999.0,0.05,2847.15
18,15,1,199.0,0.1,179.1
19,10,3,99.0,0.0,297.0
20,19,1,149.0,0.05,141.55
21,5,4,299.0,0.0,1196.0
21,17,2,99.0,0.0,198.0
22,5,4,299.0,0.0,1196.0
22,7,3,49.0,0.0,147.0
22,1,3,49.0,0.0,147.0
23,17,3,99.0,0.15,252.45
23,6,4,99.0,0.15,336.6
23,4,1,999.0,0.0,999.0
23,1,2,49.0,0.05,93.1
24,16,2,199.0,0.0,398.0
24,3,1,149.0,0.0,149.0
24,4,2,999.0,0.1,1798.2
25,9,1,999.0,0.0,999.0
25,1,3,49.0,0.1,132.3
26,7,4,49.0,0.0,196.0
26,16,4,199.0,0.0,796.0
27,15,1,199.0,0.05,189.05
27,14,3,99.0,0.05,282.15
28,11,4,999.0,0.0,3996.0
28,19,4,149.0,0.05,566.2
28,5,3,299.0,0.0,897.0
29,10,4,99.0,0.0,396.0
29,13,1,149.0,0.0,149.0
30,14,4,99.0,0.0,396.0
30,18,1,999.0,0.0,999.0
30,10,2,99.0,0.1,178.2
30,8,4,149.0,0.0,596.0
31,12,3,499.0,0.0,1497.0
31,8,1,149.0,0.05,141.55
31,13,2,149.0,0.0,298.0
31,14,4,99.0,0.0,396.0
32,15,4,199.0,0.0,796.0
32,17,1,99.0,0.05,94.05
32,13,1,149.0,0.1,134.1
33,7,4,49.0,0.05,186.2
33,9,2,999.0,0.1,1798.2
33,10,2,99.0,0.05,188.1
34,10,1,99.0,0.0,99.0
34,2,4,49.0,0.0,196.0
34,1,2,49.0,0.0,98.0
34,17,3,99.0,0.0,297.0
35,12,1,499.0,0.0,499.0
35,10,1,99.0,0.0,99.0
36,7,1,49.0,0.0,49.0
37,9,4,999.0,0.05,3796.2
37,20,2,199.0,0.1,358.2
37,1,2,49.0,0.0,98.0
37,5,4,299.0,0.05,1136.2
38,18,1,999.0,0.0,999.0
38,16,3,199.0,0.1,537.3
38,7,1,49.0,0.0,49.0
39,6,3,99.0,0.0,297.0
40,20,2,199.0,0.0,398.0
40,6,3,99.0,0.0,297.0
40,9,4,999.0,0.05,3796.2
41,14,3,99.0,0.0,297.0
41,9,2,999.0,0.0,1998.0
42,20,3,199.0,0.0,597.0
42,19,2,149.0,0.1,268.2
42,15,2,199.0,0.0,398.0
43,15,3,199.0,0.0,597.0
43,1,3,49.0,0.0,147.0
43,19,2,149.0,0.0,298.0
44,6,2,99.0,0.05,188.1
44,11,3,999.0,0.0,2997.0
45,3,4,149.0,0.15,506.6
45,20,3,199.0,0.15,507.45
45,10,4,99.0,0.0,396.0
46,9,1,999.0,0.0,999.0
46,8,3,149.0,0.0,447.0
47,10,2,99.0,0.0,198.0
48,6,2,99.0,0.0,198.0
48,17,2,99.0,0.0,198.0
49,7,4,49.0,0.0,196.0
49,13,2,149.0,0.1,268.2
49,20,1,199.0,0.1,179.1
50,2,2,49.0,0.05,93.1
50,5,1,299.0,0.15,254.15
51,2,3,49.0,0.05,139.65
51,11,3,999.0,0.05,2847.15
52,7,2,49.0,0.1,88.2
52,4,3,999.0,0.0,2997.0
53,11,4,999.0,0.05,3796.2
53,7,3,49.0,0.0,147.0
53,12,3,499.0,0.0,1497.0
54,10,1,99.0,0.05,94.05
54,15,3,199.0,0.0,597.0
55,4,3,999.0,0.0,2997.0
55,19,2,149.0,0.0,298.0
55,15,4,199.0,0.05,756.2
56,3,3,149.0,0.0,447.0
56,1,1,49.0,0.0,49.0
56,10,3,99.0,0.0,297.0
56,15,1,199.0,0.0,199.0
57,14,3,99.0,0.0,297.0
57,15,1,199.0,0.0,199.0
57,4,4,999.0,0.15,3396.6
57,2,1,49.0,0.0,49.0
58,2,4,49.0,0.15,166.6
58,9,1,999.0,0.0,999.0
58,3,4,149.0,0.0,596.0
59,11,2,999.0,0.0,1998.0
59,18,4,999.0,0.05,3796.2
59,1,4,49.0,0.05,186.2
59,6,1,99.0,0.0,99.0
60,2,1,49.0,0.1,44.1
61,7,2,49.0,0.0,98.0
61,19,2,149.0,0.0,298.0
62,15,3,199.0,0.0,597.0
63,18,3,999.0,0.0,2997.0
64,6,4,99.0,0.0,396.0
64,20,1,199.0,0.0,199.0
64,3,2,149.0,0.0,298.0
65,2,1,49.0,0.05,46.55
65,16,2,199.0,0.0,398.0
66,17,1,99.0,0.0,99.0
67,17,2,99.0,0.0,198.0
67,15,3,199.0,0.0,597.0
67,10,2,99.0,0.0,198.0
68,14,4,99.0,0.0,396.0
68,15,1,199.0,0.0,199.0
68,19,1,149.0,0.0,149.0
69,7,1,49.0,0.0,49.0
69,11,4,999.0,0.05,3796.2
69,1,2,49.0,0.1,88.2
69,6,2,99.0,0.0,198.0
70,8,1,149.0,0.0,149.0
70,13,3,149.0,0.0,447.0
70,12,1,499.0,0.0,499.0
71,18,3,999.0,0.0,2997.0
71,14,4,99.0,0.05,376.2
72,3,3,149.0,0.0,447.0
72,18,2,999.0,0.0,1998.0
72,6,1,99.0,0.0,99.0
73,6,3,99.0,0.0,297.0
73,18,4,999.0,0.0,3996.0
74,20,3,199.0,0.05,567.15
75,14,3,99.0,0.0,297.0
76,19,3,149.0,0.0,447.0
76,15,1,199.0,0.0,199.0
77,4,4,999.0,0.15,3396.6
77,20,3,199.0,0.0,597.0
78,8,1,149.0,0.15,126.65
79,2,2,49.0,0.1,88.2
80,6,4,99.0,0.0,396.0
80,9,3,999.0,0.0,2997.0
80,1,4,49.0,0.05,186.2
81,12,3,499.0,0.0,1497.0
82,16,4,199.0,0.0,796.0
82,3,3,149.0,0.0,447.0
82,15,3,199.0,0.0,597.0
83,9,4,999.0,0.0,3996.0
83,17,4,99.0,0.0,396.0
84,8,1,149.0,0.1,134.1
84,7,2,49.0,0.1,88.2
85,6,4,99.0,0.05,376.2
86,14,2,99.0,0.05,188.1
86,2,4,49.0,0.05,186.2
86,7,1,49.0,0.1,44.1
86,20,4,199.0,0.1,716.4
87,19,3,149.0,0.0,447.0
87,9,3,999.0,0.0,2997.0
87,4,2,999.0,0.0,1998.0
87,18,2,999.0,0.05,1898.1
88,17,3,99.0,0.0,297.0
88,3,1,149.0,0.1,134.1
88,2,3,49.0,0.05,139.65
88,18,2,999.0,0.0,1998.0
89,17,3,99.0,0.05,282.15
89,1,2,49.0,0.05,93.1
90,19,2,149.0,0.0,298.0
91,16,3,199.0,0.0,597.0
92,11,1,999.0,0.05,949.05
93,5,3,299.0,0.0,897.0
93,7,3,49.0,0.0,147.0
94,19,2,149.0,0.0,298.0
94,4,3,999.0,0.0,2997.0
94,6,1,99.0,0.0,99.0
95,2,1,49.0,0.0,49.0
96,4,1,999.0,0.0,999.0
97,3,2,149.0,0.0,298.0
97,17,2,99.0,0.0,198.0
97,13,4,149.0,0.1,536.4
98,5,4,299.0,0.0,1196.0
98,15,1,199.0,0.0,199.0
99,15,3,199.0,0.05,567.15
100,7,4,49.0,0.05,186.2
101,4,2,999.0,0.0,1998.0
101,5,4,299.0,0.0,1196.0
101,8,2,149.0,0.0,298.0
102,2,3,49.0,0.0,147.0
102,3,1,149.0,0.1,134.1
102,12,3,499.0,0.1,1347.3
102,9,4,999.0,0.0,3996.0
103,18,3,999.0,0.15,2547.45
103,9,3,999.0,0.1,2697.3
104,2,2,49.0,0.0,98.0
104,7,2,49.0,0.1,88.2
104,12,1,499.0,0.05,474.05
105,7,3,49.0,0.0,147.0
105,1,4,49.0,0.0,196.0
105,12,4,499.0,0.0,1996.0
105,2,2,49.0,0.0,98.0
106,11,1,999.0,0.05,949.05
107,20,1,199.0,0.05,189.05
108,13,4,149.0,0.0,596.0
108,11,4,999.0,0.0,3996.0
108,7,1,49.0,0.05,46.55
109,4,1,999.0,0.05,949.05
109,2,3,49.0,0.05,139.65
109,6,3,99.0,0.1,267.3
109,12,2,499.0,0.0,998.0
110,1,4,49.0,0.0,196.0
110,8,4,149.0,0.0,596.0
110,5,4,299.0,0.15,1016.6
110,19,2,149.0,0.0,298.0
111,6,4,99.0,0.0,396.0
111,3,4,149.0,0.0,596.0
111,2,4,49.0,0.0,196.0
111,9,3,999.0,0.0,2997.0
112,4,4,999.0,0.0,3996.0
112,18,2,999.0,0.05,1898.1
112,17,4,99.0,0.0,396.0
113,6,4,99.0,0.0,396.0
113,13,3,149.0,0.05,424.65
113,11,1,999.0,0.1,899.1
113,12,2,499.0,0.0,998.0
114,11,3,999.0,0.0,2997.0
114,2,4,49.0,0.0,196.0
114,12,3,499.0,0.0,1497.0
115,20,3,199.0,0.0,597.0
116,16,4,199.0,0.0,796.0
116,19,2,149.0,0.1,268.2
116,5,3,299.0,0.0,897.0
116,3,4,149.0,0.1,536.4
117,4,2,999.0,0.0,1998.0
117,3,1,149.0,0.05,141.55
117,8,4,149.0,0.0,596.0
118,13,4,149.0,0.0,596.0
118,2,3,49.0,0.0,147.0
118,14,1,99.0,0.0,99.0
118,3,1,149.0,0.0,149.0
119,4,2,999.0,0.0,1998.0
119,20,2,199.0,0.0,398.0
119,15,4,199.0,0.0,796.0
120,6,2,99.0,0.05,188.1
120,14,1,99.0,0.1,89.1
120,12,4,499.0,0.0,1996.0
120,19,1,149.0,0.0,149.0
121,16,4,199.0,0.0,796.0
121,18,4,999.0,0.0,3996.0
122,10,3,99.0,0.0,297.0
122,5,3,299.0,0.05,852.15
123,18,2,999.0,0.1,1798.2
123,6,1,99.0,0.0,99.0
123,19,1,149.0,0.1,134.1
123,13,1,149.0,0.05,141.55
124,7,3,49.0,0.1,132.3
125,11,2,999.0,0.0,1998.0
125,12,1,499.0,0.1,449.1
125,18,2,999.0,0.05,1898.1
125,13,4,149.0,0.05,566.2
126,1,1,49.0,0.05,46.55
126,19,3,149.0,0.0,447.0
126,4,1,999.0,0.05,949.05
127,14,2,99.0,0.0,198.0
128,4,2,999.0,0.0,1998.0
128,9,2,999.0,0.05,1898.1
129,9,4,999.0,0.1,3596.4
129,5,1,299.0,0.0,299.0
130,20,4,199.0,0.1,716.4
130,9,3,999.0,0.0,2997.0
130,2,4,49.0,0.0,196.0
131,1,1,49.0,0.05,46.55
131,11,3,999.0,0.05,2847.15
131,4,3,999.0,0.1,2697.3
132,1,3,49.0,0.05,139.65
132,18,4,999.0,0.15,3396.6
132,15,4,199.0,0.0,796.0
133,14,1,99.0,0.0,99.0
133,12,2,499.0,0.05,948.1
133,20,3,199.0,0.0,597.0
134,8,3,149.0,0.0,447.0
134,11,1,999.0,0.1,899.1
134,20,1,199.0,0.0,199.0
134,5,1,299.0,0.0,299.0
135,9,3,999.0,0.0,2997.0
135,17,2,99.0,0.0,198.0
135,8,3,149.0,0.0,447.0
135,7,4,49.0,0.1,176.4
136,3,3,149.0,0.1,402.3
136,18,2,999.0,0.0,1998.0
136,6,2,99.0,0.05,188.1
137,8,3,149.0,0.0,447.0
138,12,3,499.0,0.05,1422.15
138,19,4,149.0,0.05,566.2
139,3,3,149.0,0.15,379.95
140,6,2,99.0,0.0,198.0
140,9,1,999.0,0.1,899.1
140,15,4,199.0,0.0,796.0
141,1,3,49.0,0.0,147.0
141,9,2,999.0,0.05,1898.1
141,6,2,99.0,0.0,198.0
142,3,3,149.0,0.05,424.65
142,7,2,49.0,0.0,98.0
143,5,2,299.0,0.05,568.1
144,1,2,49.0,0.05,93.1
144,3,4,149.0,0.05,566.2
145,14,3,99.0,0.0,297.0
145,11,3,999.0,0.0,2997.0
145,18,3,999.0,0.0,2997.0
146,6,2,99.0,0.0,198.0
147,12,3,499.0,0.15,1272.45
147,10,3,99.0,0.0,297.0
147,11,2,999.0,0.0,1998.0
147,19,4,149.0,0.0,596.0
148,7,1,49.0,0.1,44.1
149,1,3,49.0,0.0,147.0
149,15,4,199.0,0.05,756.2
149,7,4,49.0,0.0,196.0
150,9,4,999.0,0.1,3596.4
150,5,4,299.0,0.0,1196.0
150,1,4,49.0,0.05,186.2
151,2,2,49.0,0.0,98.0
151,14,4,99.0,0.05,376.2
151,17,3,99.0,0.1,267.3
151,18,3,999.0,0.0,2997.0
152,5,2,299.0,0.0,598.0
152,2,1,49.0,0.1,44.1
152,7,2,49.0,0.1,88.2
153,4,1,999.0,0.0,999.0
153,5,3,299.0,0.0,897.0
153,3,1,149.0,0.0,149.0
154,12,3,499.0,0.05,1422.15
154,15,4,199.0,0.1,716.4
154,14,2,99.0,0.0,198.0
154,13,1,149.0,0.0,149.0
155,3,3,149.0,0.1,402.3
155,1,1,49.0,0.0,49.0
155,19,2,149.0,0.15,253.3
156,15,1,199.0,0.0,199.0
157,8,3,149.0,0.0,447.0
158,14,3,99.0,0.05,282.15
158,12,4,499.0,0.0,1996.0
158,11,1,999.0,0.0,999.0
159,2,4,49.0,0.0,196.0
160,18,1,999.0,0.05,949.05
160,12,1,499.0,0.0,499.0
161,11,1,999.0,0.0,999.0
161,13,4,149.0,0.0,596.0
161,2,4,49.0,0.0,196.0
161,15,4,199.0,0.05,756.2
162,13,4,149.0,0.0,596.0
162,12,3,499.0,0.0,1497.0
162,16,2,199.0,0.0,398.0
163,14,3,99.0,0.05,282.15
163,10,2,99.0,0.0,198.0
164,15,2,199.0,0.0,398.0
164,13,4,149.0,0.05,566.2
165,2,3,49.0,0.0,147.0
165,15,2,199.0,0.1,358.2
165,17,2,99.0,0.0,198.0
165,4,1,999.0,0.05,949.05
166,11,1,999.0,0.0,999.0
166,17,1,99.0,0.1,89.1
166,14,4,99.0,0.0,396.0
167,4,4,999.0,0.0,3996.0
168,6,1,99.0,0.0,99.0
169,17,4,99.0,0.0,396.0
169,15,4,199.0,0.0,796.0
169,4,1,999.0,0.05,949.05
170,18,2,999.0,0.05,1898.1
170,20,1,199.0,0.0,199.0
170,12,4,499.0,0.05,1896.2
170,14,3,99.0,0.0,297.0
171,9,4,999.0,0.05,3796.2
172,15,4,199.0,0.05,756.2
172,4,3,999.0,0.0,2997.0
172,18,4,999.0,0.0,3996.0
173,5,3,299.0,0.0,897.0
173,2,3,49.0,0.0,147.0
173,8,4,149.0,0.0,596.0
174,12,1,499.0,0.05,474.05
174,3,3,149.0,0.0,447.0
174,1,3,49.0,0.0,147.0
175,2,3,49.0,0.0,147.0
175,19,2,149.0,0.0,298.0
175,15,3,199.0,0.05,567.15
175,17,1,99.0,0.0,99.0
176,8,1,149.0,0.0,149.0
176,18,1,999.0,0.15,849.15
176,3,3,149.0,0.05,424.65
177,1,3,49.0,0.0,147.0
177,19,3,149.0,0.05,424.65
178,16,3,199.0,0.0,597.0
179,18,3,999.0,0.1,2697.3
180,13,3,149.0,0.0,447.0
181,10,4,99.0,0.0,396.0
181,6,1,99.0,0.0,99.0
182,18,4,999.0,0.0,3996.0
182,15,3,199.0,0.05,567.15
183,20,4,199.0,0.0,796.0
183,15,1,199.0,0.0,199.0
184,16,3,199.0,0.0,597.0
184,20,2,199.0,0.1,358.2
184,5,3,299.0,0.05,852.15
184,12,3,499.0,0.0,1497.0
185,10,3,99.0,0.0,297.0
185,14,3,99.0,0.1,267.3
186,18,1,999.0,0.05,949.05
186,19,2,149.0,0.0,298.0
186,6,2,99.0,0.0,198.0
186,9,2,999.0,0.0,1998.0
187,8,3,149.0,0.0,447.0
188,4,4,999.0,0.1,3596.4
189,20,4,199.0,0.0,796.0
189,13,1,149.0,0.0,149.0
190,3,2,149.0,0.1,268.2
190,4,4,999.0,0.1,3596.4
190,13,1,149.0,0.0,149.0
191,12,4,499.0,0.0,1996.0
191,7,3,49.0,0.1,132.3
192,6,1,99.0,0.0,99.0
193,14,2,99.0,0.0,198.0
193,2,1,49.0,0.0,49.0
193,1,4,49.0,0.0,196.0
193,15,4,199.0,0.05,756.2
194,20,3,199.0,0.05,567.15
194,2,4,49.0,0.0,196.0
194,12,4,499.0,0.15,1696.6
194,8,1,149.0,0.05,141.55
195,14,4,99.0,0.0,396.0
195,11,3,999.0,0.0,2997.0
195,13,1,149.0,0.0,149.0
195,5,1,299.0,0.1,269.1
196,13,1,149.0,0.0,149.0
196,9,3,999.0,0.0,2997.0
197,14,1,99.0,0.0,99.0
197,12,2,499.0,0.1,898.2
198,8,2,149.0,0.0,298.0
199,3,4,149.0,0.0,596.0
199,6,1,99.0,0.1,89.1
199,1,4,49.0,0.0,196.0
200,5,4,299.0,0.0,1196.0
200,4,4,999.0,0.15,3396.6
200,18,4,999.0,0.0,3996.0
201,8,1,149.0,0.05,141.55
202,11,3,999.0,0.05,2847.15
202,13,3,149.0,0.1,402.3
202,16,2,199.0,0.1,358.2
203,20,4,199.0,0.05,756.2
203,12,2,499.0,0.0,998.0
203,11,3,999.0,0.0,2997.0
204,1,2,49.0,0.05,93.1
204,17,4,99.0,0.0,396.0
205,12,3,499.0,0.05,1422.15
206,3,4,149.0,0.1,536.4
207,17,3,99.0,0.0,297.0
207,13,1,149.0,0.0,149.0
207,19,3,149.0,0.0,447.0
207,8,3,149.0,0.0,447.0
208,10,2,99.0,0.0,198.0
208,13,3,149.0,0.0,447.0
209,6,2,99.0,0.05,188.1
209,8,2,149.0,0.0,298.0
210,19,2,149.0,0.0,298.0
210,5,3,299.0,0.05,852.15
211,11,3,999.0,0.0,2997.0
211,10,2,99.0,0.0,198.0
211,19,3,149.0,0.1,402.3
212,6,1,99.0,0.0,99.0
212,12,2,499.0,0.1,898.2
212,1,3,49.0,0.15,124.95
212,7,2,49.0,0.0,98.0
213,2,1,49.0,0.0,49.0
213,14,2,99.0,0.0,198.0
213,4,1,999.0,0.1,899.1
214,10,4,99.0,0.1,356.4
214,9,4,999.0,0.0,3996.0
214,5,2,299.0,0.1,538.2
215,4,1,999.0,0.0,999.0
216,5,3,299.0,0.0,897.0
216,4,3,999.0,0.05,2847.15
216,14,3,99.0,0.05,282.15
216,10,3,99.0,0.1,267.3
217,12,2,499.0,0.0,998.0
217,18,3,999.0,0.05,2847.15
218,2,1,49.0,0.0,49.0
219,10,2,99.0,0.0,198.0
219,8,1,149.0,0.1,134.1
219,5,2,299.0,0.0,598.0
220,1,3,49.0,0.0,147.0
220,11,1,999.0,0.05,949.05
220,20,3,199.0,0.0,597.0
221,5,3,299.0,0.0,897.0
222,9,4,999.0,0.0,3996.0
222,1,1,49.0,0.05,46.55
222,4,4,999.0,0.1,3596.4
223,2,4,49.0,0.05,186.2
223,13,3,149.0,0.0,447.0
224,10,2,99.0,0.0,198.0
224,5,3,299.0,0.1,807.3
224,16,2,199.0,0.0,398.0
224,15,3,199.0,0.1,537.3
225,4,3,999.0,0.05,2847.15
225,2,1,49.0,0.0,49.0
225,11,2,999.0,0.05,1898.1
225,17,3,99.0,0.0,297.0
226,14,3,99.0,0.05,282.15
226,16,2,199.0,0.1,358.2
226,8,2,149.0,0.05,283.1
227,16,2,199.0,0.0,398.0
227,15,4,199.0,0.05,756.2
227,10,1,99.0,0.0,99.0
228,16,4,199.0,0.0,796.0
228,10,3,99.0,0.0,297.0
229,19,2,149.0,0.05,283.1
229,1,3,49.0,0.0,147.0
230,19,2,149.0,0.1,268.2
230,9,4,999.0,0.0,3996.0
230,5,2,299.0,0.0,598.0
231,16,3,199.0,0.0,597.0
231,18,4,999.0,0.0,3996.0
232,12,2,499.0,0.1,898.2
232,19,3,149.0,0.0,447.0
232,15,1,199.0,0.0,199.0
233,3,3,149.0,0.0,447.0
233,12,4,499.0,0.0,1996.0
233,1,2,49.0,0.0,98.0
233,16,2,199.0,0.0,398.0
234,6,1,99.0,0.05,94.05
235,20,4,199.0,0.0,796.0
235,8,1,149.0,0.0,149.0
235,17,1,99.0,0.0,99.0
236,20,3,199.0,0.0,597.0
237,13,3,149.0,0.0,447.0
237,6,4,99.0,0.0,396.0
237,16,2,199.0,0.0,398.0
237,12,4,499.0,0.05,1896.2
238,5,4,299.0,0.0,1196.0
239,7,3,49.0,0.0,147.0
239,1,2,49.0,0.0,98.0
239,3,4,149.0,0.0,596.0
239,19,3,149.0,0.1,402.3
240,15,2,199.0,0.0,398.0
240,19,4,149.0,0.0,596.0
241,19,1,149.0,0.0,149.0
241,13,2,149.0,0.05,283.1
242,13,3,149.0,0.0,447.0
242,14,4,99.0,0.15,336.6
242,17,2,99.0,0.0,198.0
243,11,2,999.0,0.0,1998.0
243,7,2,49.0,0.0,98.0
243,10,2,99.0,0.15,168.3
244,15,2,199.0,0.0,398.0
244,1,2,49.0,0.05,93.1
245,13,2,149.0,0.1,268.2
245,1,4,49.0,0.05,186.2
245,19,3,149.0,0.1,402.3
245,4,2,999.0,0.0,1998.0
246,7,4,49.0,0.05,186.2
246,19,3,149.0,0.0,447.0
246,16,2,199.0,0.0,398.0
246,6,3,99.0,0.0,297.0
247,4,4,999.0,0.05,3796.2
247,13,3,149.0,0.0,447.0
248,3,1,149.0,0.0,149.0
248,15,2,199.0,0.0,398.0
249,16,3,199.0,0.0,597.0
249,4,3,999.0,0.0,2997.0
250,12,3,499.0,0.0,1497.0
251,15,4,199.0,0.0,796.0
251,19,1,149.0,0.0,149.0
251,10,2,99.0,0.0,198.0
251,17,4,99.0,0.0,396.0
252,15,2,199.0,0.0,398.0
252,11,3,999.0,0.05,2847.15
253,20,2,199.0,0.0,398.0
253,14,1,99.0,0.0,99.0
253,4,2,999.0,0.0,1998.0
253,11,4,999.0,0.0,3996.0
254,17,1,99.0,0.05,94.05
254,6,2,99.0,0.0,198.0
254,1,3,49.0,0.05,139.65
255,8,3,149.0,0.0,447.0
255,10,4,99.0,0.05,376.2
255,15,4,199.0,0.0,796.0
256,6,4,99.0,0.0,396.0
256,1,1,49.0,0.0,49.0
256,15,1,199.0,0.05,189.05
256,3,2,149.0,0.0,298.0
257,20,2,199.0,0.0,398.0
257,14,2,99.0,0.1,178.2
257,12,3,499.0,0.0,1497.0
258,18,4,999.0,0.1,3596.4
258,17,3,99.0,0.05,282.15
259,15,1,199.0,0.0,199.0
260,13,1,149.0,0.0,149.0
260,14,1,99.0,0.0,99.0
260,4,4,999.0,0.0,3996.0
260,19,4,149.0,0.0,596.0
261,2,3,49.0,0.1,132.3
261,1,4,49.0,0.05,186.2
261,7,2,49.0,0.0,98.0
262,8,4,149.0,0.0,596.0
262,1,3,49.0,0.05,139.65
262,17,3,99.0,0.05,282.15
262,7,3,49.0,0.0,147.0
263,18,3,999.0,0.05,2847.15
263,6,1,99.0,0.0,99.0
264,6,4,99.0,0.0,396.0
264,15,3,199.0,0.0,597.0
264,10,2,99.0,0.0,198.0
264,17,4,99.0,0.0,396.0
265,18,4,999.0,0.0,3996.0
266,4,4,999.0,0.0,3996.0
266,14,2,99.0,0.0,198.0
266,17,4,99.0,0.05,376.2
266,6,2,99.0,0.0,198.0
267,11,2,999.0,0.15,1698.3
267,16,2,199.0,0.05,378.1
267,13,4,149.0,0.0,596.0
267,3,2,149.0,0.1,268.2
268,5,3,299.0,0.05,852.15
268,4,4,999.0,0.0,3996.0
268,1,1,49.0,0.05,46.55
269,14,3,99.0,0.1,267.3
269,20,4,199.0,0.15,676.6
269,13,3,149.0,0.0,447.0
269,9,4,999.0,0.05,3796.2
270,16,4,199.0,0.05,756.2
270,19,3,149.0,0.0,447.0
271,6,4,99.0,0.05,376.2
271,15,2,199.0,0.05,378.1
272,19,4,149.0,0.05,566.2
272,9,1,999.0,0.0,999.0
273,18,2,999.0,0.0,1998.0
273,20,1,199.0,0.15,169.15
273,11,2,999.0,0.0,1998.0
273,14,3,99.0,0.0,297.0
274,9,1,999.0,0.15,849.15
274,2,3,49.0,0.0,147.0
275,5,2,299.0,0.0,598.0
275,11,3,999.0,0.05,2847.15
275,3,4,149.0,0.0,596.0
275,6,4,99.0,0.1,356.4
276,2,3,49.0,0.0,147.0
277,9,2,999.0,0.0,1998.0
277,19,4,149.0,0.1,536.4
278,7,3,49.0,0.0,147.0
279,14,2,99.0,0.0,198.0
279,13,2,149.0,0.05,283.1
280,1,4,49.0,0.0,196.0
280,16,3,199.0,0.0,597.0
281,5,2,299.0,0.0,598.0
281,12,4,499.0,0.0,1996.0
282,12,2,499.0,0.0,998.0
282,13,4,149.0,0.0,596.0
282,3,2,149.0,0.0,298.0
282,7,4,49.0,0.15,166.6
283,16,1,199.0,0.15,169.15
283,2,3,49.0,0.0,147.0
283,6,2,99.0,0.1,178.2
283,3,1,149.0,0.0,149.0
284,6,3,99.0,0.0,297.0
284,19,1,149.0,0.0,149.0
284,16,1,199.0,0.1,179.1
285,4,3,999.0,0.0,2997.0
286,18,1,999.0,0.0,999.0
286,11,4,999.0,0.0,3996.0
286,8,3,149.0,0.05,424.65
287,3,1,149.0,0.0,149.0
287,11,2,999.0,0.0,1998.0
288,6,2,99.0,0.05,188.1
288,12,2,499.0,0.0,998.0
288,16,1,199.0,0.0,199.0
288,7,2,49.0,0.0,98.0
289,2,1,49.0,0.0,49.0
290,14,3,99.0,0.0,297.0
290,3,3,149.0,0.0,447.0
291,9,1,999.0,0.0,999.0
291,17,2,99.0,0.0,198.0
292,14,2,99.0,0.0,198.0
293,12,1,499.0,0.05,474.05
293,14,3,99.0,0.1,267.3
293,4,4,999.0,0.0,3996.0
293,15,2,199.0,0.0,398.0
294,9,3,999.0,0.0,2997.0
294,19,1,149.0,0.0,149.0
294,3,2,149.0,0.0,298.0
294,18,4,999.0,0.05,3796.2
295,4,3,999.0,0.0,2997.0
295,11,3,999.0,0.0,2997.0
295,9,2,999.0,0.1,1798.2
296,11,1,999.0,0.1,899.1
297,13,2,149.0,0.1,268.2
297,3,4,149.0,0.1,536.4
298,8,3,149.0,0.15,379.95
299,4,4,999.0,0.0,3996.0
299,16,4,199.0,0.0,796.0
299,8,4,149.0,0.05,566.2
300,4,2,999.0,0.05,1898.1
300,9,2,999.0,0.1,1798.2
301,16,2,199.0,0.0,398.0
301,15,2,199.0,0.0,398.0
301,19,1,149.0,0.0,149.0
301,9,3,999.0,0.1,2697.3
302,18,2,999.0,0.0,1998.0
303,19,1,149.0,0.0,149.0
303,3,3,149.0,0.0,447.0
304,1,3,49.0,0.1,132.3
304,20,1,199.0,0.05,189.05
304,12,2,499.0,0.0,998.0
305,14,1,99.0,0.15,84.15
305,12,3,499.0,0.0,1497.0
305,15,3,199.0,0.05,567.15
306,11,3,999.0,0.1,2697.3
306,13,4,149.0,0.0,596.0
307,10,4,99.0,0.0,396.0
307,15,3,199.0,0.05,567.15
307,5,4,299.0,0.0,1196.0
307,16,1,199.0,0.0,199.0
308,2,4,49.0,0.0,196.0
308,1,4,49.0,0.0,196.0
309,17,2,99.0,0.05,188.1
310,6,3,99.0,0.05,282.15
311,16,2,199.0,0.1,358.2
311,5,2,299.0,0.0,598.0
311,20,3,199.0,0.0,597.0
312,11,3,999.0,0.0,2997.0
312,16,2,199.0,0.1,358.2
312,20,3,199.0,0.05,567.15
312,3,3,149.0,0.05,424.65
313,13,1,149.0,0.0,149.0
313,2,2,49.0,0.05,93.1
313,19,3,149.0,0.1,402.3
314,18,1,999.0,0.0,999.0
315,13,1,149.0,0.0,149.0
315,10,3,99.0,0.1,267.3
315,8,1,149.0,0.0,149.0
315,20,3,199.0,0.0,597.0
316,15,3,199.0,0.0,597.0
316,4,4,999.0,0.0,3996.0
317,11,1,999.0,0.05,949.05
317,6,3,99.0,0.0,297.0
317,3,2,149.0,0.0,298.0
317,2,4,49.0,0.0,196.0
318,9,4,999.0,0.0,3996.0
318,8,3,149.0,0.0,447.0
318,18,2,999.0,0.0,1998.0
318,3,1,149.0,0.0,149.0
319,6,3,99.0,0.0,297.0
319,19,2,149.0,0.05,283.1
320,4,1,999.0,0.0,999.0
320,15,3,199.0,0.0,597.0
321,14,2,99.0,0.0,198.0
321,12,1,499.0,0.05,474.05
321,9,2,999.0,0.0,1998.0
321,11,4,999.0,0.0,3996.0
322,1,4,49.0,0.0,196.0
322,20,1,199.0,0.15,169.15
322,19,1,149.0,0.05,141.55
323,12,3,499.0,0.0,1497.0
324,16,3,199.0,0.0,597.0
325,20,3,199.0,0.0,597.0
325,10,2,99.0,0.1,178.2
326,5,3,299.0,0.0,897.0
326,16,1,199.0,0.0,199.0
326,15,4,199.0,0.05,756.2
326,12,4,499.0,0.0,1996.0
327,20,4,199.0,0.1,716.4
327,18,1,999.0,0.0,999.0
328,3,1,149.0,0.0,149.0
328,9,1,999.0,0.15,849.15
329,2,4,49.0,0.0,196.0
330,6,1,99.0,0.15,84.15
330,16,3,199.0,0.05,567.15
330,5,3,299.0,0.0,897.0
331,10,2,99.0,0.05,188.1
331,4,4,999.0,0.0,3996.0
332,18,4,999.0,0.0,3996.0
332,10,1,99.0,0.0,99.0
332,1,4,49.0,0.05,186.2
333,20,4,199.0,0.0,796.0
334,1,2,49.0,0.0,98.0
334,15,1,199.0,0.1,179.1
335,4,3,999.0,0.0,2997.0
335,13,2,149.0,0.0,298.0
335,8,4,149.0,0.0,596.0
336,6,4,99.0,0.0,396.0
336,8,4,149.0,0.0,596.0
336,10,1,99.0,0.0,99.0
337,6,3,99.0,0.0,297.0
338,15,1,199.0,0.1,179.1
339,10,4,99.0,0.0,396.0
339,2,1,49.0,0.1,44.1
340,18,2,999.0,0.05,1898.1
340,10,3,99.0,0.0,297.0
340,12,4,499.0,0.0,1996.0
340,15,2,199.0,0.0,398.0
341,6,2,99.0,0.05,188.1
342,11,3,999.0,0.05,2847.15
342,17,2,99.0,0.0,198.0
342,3,4,149.0,0.1,536.4
343,14,1,99.0,0.1,89.1
344,16,1,199.0,0.0,199.0
344,11,1,999.0,0.0,999.0
344,20,4,199.0,0.0,796.0
345,19,4,149.0,0.0,596.0
345,20,2,199.0,0.05,378.1
346,13,1,149.0,0.0,149.0
346,8,1,149.0,0.1,134.1
346,15,3,199.0,0.1,537.3
346,7,1,49.0,0.0,49.0
347,4,1,999.0,0.0,999.0
347,13,1,149.0,0.1,134.1
347,11,2,999.0,0.0,1998.0
348,10,4,99.0,0.0,396.0
348,7,2,49.0,0.1,88.2
348,4,3,999.0,0.0,2997.0
348,2,1,49.0,0.05,46.55
349,4,1,999.0,0.0,999.0
349,16,4,199.0,0.0,796.0
350,16,2,199.0,0.0,398.0
350,15,4,199.0,0.05,756.2
350,20,2,199.0,0.1,358.2
350,17,3,99.0,0.05,282.15
351,19,4,149.0,0.05,566.2
351,7,2,49.0,0.05,93.1
351,20,3,199.0,0.0,597.0
351,18,4,999.0,0.0,3996.0
352,12,3,499.0,0.0,1497.0
353,17,1,99.0,0.0,99.0
353,8,4,149.0,0.1,536.4
353,1,4,49.0,0.0,196.0
353,16,4,199.0,0.1,716.4
354,15,3,199.0,0.05,567.15
354,10,2,99.0,0.0,198.0
354,14,4,99.0,0.0,396.0
354,9,2,999.0,0.1,1798.2
355,3,2,149.0,0.15,253.3
355,6,2,99.0,0.1,178.2
355,5,4,299.0,0.0,1196.0
356,12,3,499.0,0.0,1497.0
356,15,3,199.0,0.05,567.15
356,10,2,99.0,0.1,178.2
356,4,1,999.0,0.1,899.1
357,13,3,149.0,0.05,424.65
357,11,3,999.0,0.0,2997.0
358,11,1,999.0,0.0,999.0
358,6,1,99.0,0.0,99.0
359,13,4,149.0,0.0,596.0
359,14,1,99.0,0.0,99.0
360,13,1,149.0,0.0,149.0
360,12,2,499.0,0.05,948.1
360,19,3,149.0,0.05,424.65
360,7,4,49.0,0.0,196.0
361,12,2,499.0,0.15,848.3
362,14,3,99.0,0.0,297.0
363,14,2,99.0,0.0,198.0
363,12,3,499.0,0.0,1497.0
363,10,3,99.0,0.0,297.0
363,8,3,149.0,0.05,424.65
364,2,2,49.0,0.0,98.0
364,17,3,99.0,0.05,282.15
364,5,2,299.0,0.05,568.1
365,10,1,99.0,0.0,99.0
365,14,3,99.0,0.0,297.0
365,16,1,199.0,0.0,199.0
365,7,4,49.0,0.0,196.0
366,6,3,99.0,0.0,297.0
366,15,3,199.0,0.1,537.3
366,11,4,999.0,0.05,3796.2
366,14,4,99.0,0.15,336.6
367,17,2,99.0,0.0,198.0
367,1,1,49.0,0.0,49.0
367,14,1,99.0,0.05,94.05
368,12,2,499.0,0.0,998.0
368,2,2,49.0,0.05,93.1
369,6,2,99.0,0.1,178.2
369,14,4,99.0,0.1,356.4
369,3,4,149.0,0.0,596.0
370,15,4,199.0,0.1,716.4
370,16,3,199.0,0.0,597.0
371,9,1,999.0,0.0,999.0
371,5,3,299.0,0.0,897.0
372,14,3,99.0,0.1,267.3
373,6,4,99.0,0.0,396.0
373,3,3,149.0,0.1,402.3
373,14,1,99.0,0.0,99.0
373,12,1,499.0,0.05,474.05
374,15,4,199.0,0.1,716.4
374,14,4,99.0,0.0,396.0
375,16,2,199.0,0.0,398.0
375,6,2,99.0,0.15,168.3
375,15,1,199.0,0.0,199.0
375,5,4,299.0,0.0,1196.0
376,10,1,99.0,0.0,99.0
376,8,2,149.0,0.05,283.1
376,17,2,99.0,0.0,198.0
377,18,4,999.0,0.05,3796.2
377,7,3,49.0,0.0,147.0
378,9,1,999.0,0.0,999.0
378,11,1,999.0,0.1,899.1
378,5,2,299.0,0.0,598.0
379,17,1,99.0,0.1,89.1
379,15,4,199.0,0.0,796.0
379,13,3,149.0,0.0,447.0
380,4,4,999.0,0.05,3796.2
380,3,1,149.0,0.05,141.55
381,8,4,149.0,0.0,596.0
381,12,4,499.0,0.05,1896.2
381,18,4,999.0,0.0,3996.0
381,4,4,999.0,0.05,3796.2
382,18,1,999.0,0.0,999.0
382,17,4,99.0,0.0,396.0
382,14,3,99.0,0.1,267.3
383,1,3,49.0,0.1,132.3
383,12,4,499.0,0.05,1896.2
384,15,3,199.0,0.0,597.0
384,10,3,99.0,0.05,282.15
385,12,1,499.0,0.0,499.0
386,17,1,99.0,0.1,89.1
386,15,2,199.0,0.05,378.1
386,1,4,49.0,0.05,186.2
387,4,2,999.0,0.05,1898.1
387,11,2,999.0,0.05,1898.1
388,10,2,99.0,0.05,188.1
388,19,3,149.0,0.0,447.0
389,9,4,999.0,0.0,3996.0
389,2,4,49.0,0.0,196.0
389,3,1,149.0,0.0,149.0
389,14,1,99.0,0.0,99.0
390,3,1,149.0,0.05,141.55
390,13,2,149.0,0.0,298.0
391,6,4,99.0,0.1,356.4
392,2,1,49.0,0.0,49.0
392,17,3,99.0,0.0,297.0
392,5,2,299.0,0.0,598.0
393,10,3,99.0,0.05,282.15
394,2,3,49.0,0.05,139.65
394,20,1,199.0,0.0,199.0
394,18,4,999.0,0.0,3996.0
394,1,4,49.0,0.0,196.0
395,7,4,49.0,0.0,196.0
395,20,1,199.0,0.0,199.0
395,6,4,99.0,0.15,336.6
396,10,4,99.0,0.05,376.2
396,20,2,199.0,0.0,398.0
396,19,1,149.0,0.05,141.55
396,9,3,999.0,0.15,2547.45
397,3,1,149.0,0.0,149.0
397,14,1,99.0,0.1,89.1
398,14,2,99.0,0.15,168.3
399,8,1,149.0,0.05,141.55
400,6,3,99.0,0.0,297.0
400,2,2,49.0,0.1,88.2
400,15,4,199.0,0.05,756.2
401,10,3,99.0,0.0,297.0
402,1,1,49.0,0.0,49.0
402,16,1,199.0,0.0,199.0
402,3,1,149.0,0.0,149.0
403,8,4,149.0,0.05,566.2
403,10,1,99.0,0.05,94.05
403,11,3,999.0,0.1,2697.3
403,16,1,199.0,0.0,199.0
404,19,2,149.0,0.1,268.2
404,17,2,99.0,0.15,168.3
405,8,2,149.0,0.0,298.0
405,6,2,99.0,0.1,178.2
405,18,4,999.0,0.1,3596.4
405,5,2,299.0,0.0,598.0
406,10,3,99.0,0.15,252.45
406,6,4,99.0,0.0,396.0
406,3,2,149.0,0.0,298.0
407,9,3,999.0,0.0,2997.0
407,18,2,999.0,0.0,1998.0
407,1,2,49.0,0.0,98.0
407,7,4,49.0,0.0,196.0
408,9,1,999.0,0.05,949.05
408,18,1,999.0,0.0,999.0
408,14,4,99.0,0.05,376.2
409,14,3,99.0,0.1,267.3
409,13,2,149.0,0.0,298.0
410,18,1,999.0,0.05,949.05
410,17,2,99.0,0.0,198.0
410,9,1,999.0,0.1,899.1
410,6,4,99.0,0.05,376.2
411,1,2,49.0,0.0,98.0
412,14,3,99.0,0.0,297.0
413,3,1,149.0,0.0,149.0
413,12,2,499.0,0.0,998.0
413,2,2,49.0,0.1,88.2
413,10,4,99.0,0.0,396.0
414,12,1,499.0,0.0,499.0
415,15,4,199.0,0.0,796.0
416,17,1,99.0,0.0,99.0
416,20,4,199.0,0.0,796.0
417,15,2,199.0,0.0,398.0
417,3,2,149.0,0.0,298.0
417,10,2,99.0,0.05,188.1
417,18,1,999.0,0.05,949.05
418,1,4,49.0,0.0,196.0
418,18,2,999.0,0.1,1798.2
419,19,4,149.0,0.0,596.0
419,4,4,999.0,0.05,3796.2
419,16,4,199.0,0.0,796.0
419,8,4,149.0,0.0,596.0
420,10,4,99.0,0.05,376.2
420,13,2,149.0,0.05,283.1
420,14,4,99.0,0.0,396.0
420,4,2,999.0,0.0,1998.0
421,15,3,199.0,0.0,597.0
421,2,3,49.0,0.0,147.0
421,18,1,999.0,0.0,999.0
422,18,2,999.0,0.1,1798.2
422,9,4,999.0,0.0,3996.0
422,16,3,199.0,0.05,567.15
422,3,3,149.0,0.15,379.95
423,9,1,999.0,0.05,949.05
423,19,1,149.0,0.0,149.0
424,3,3,149.0,0.0,447.0
425,6,3,99.0,0.05,282.15
426,14,1,99.0,0.0,99.0
426,3,2,149.0,0.1,268.2
426,16,1,199.0,0.0,199.0
427,5,1,299.0,0.0,299.0
428,11,2,999.0,0.15,1698.3
428,13,2,149.0,0.0,298.0
428,17,2,99.0,0.0,198.0
428,12,4,499.0,0.0,1996.0
429,17,4,99.0,0.05,376.2
429,9,4,999.0,0.05,3796.2
429,20,4,199.0,0.0,796.0
430,10,1,99.0,0.0,99.0
430,14,3,99.0,0.05,282.15
431,20,4,199.0,0.0,796.0
432,19,1,149.0,0.0,149.0
433,14,3,99.0,0.1,267.3
433,18,1,999.0,0.1,899.1
434,11,2,999.0,0.15,1698.3
434,6,2,99.0,0.0,198.0
434,9,2,999.0,0.0,1998.0
435,16,1,199.0,0.0,199.0
435,6,4,99.0,0.0,396.0
435,13,1,149.0,0.0,149.0
436,15,1,199.0,0.0,199.0
436,9,3,999.0,0.0,2997.0
437,7,1,49.0,0.15,41.65
437,5,4,299.0,0.1,1076.4
437,4,4,999.0,0.0,3996.0
438,11,3,999.0,0.0,2997.0
438,9,1,999.0,0.0,999.0
439,10,3,99.0,0.0,297.0
440,5,4,299.0,0.0,1196.0
440,2,2,49.0,0.05,93.1
441,16,3,199.0,0.05,567.15
441,12,3,499.0,0.05,1422.15
442,3,4,149.0,0.05,566.2
442,13,1,149.0,0.0,149.0
442,1,2,49.0,0.1,88.2
443,3,3,149.0,0.05,424.65
443,20,1,199.0,0.1,179.1
443,15,2,199.0,0.0,398.0
443,1,4,49.0,0.0,196.0
444,16,4,199.0,0.05,756.2
444,13,4,149.0,0.05,566.2
444,10,3,99.0,0.0,297.0
444,17,3,99.0,0.1,267.3
445,12,4,499.0,0.0,1996.0
445,13,2,149.0,0.0,298.0
446,16,1,199.0,0.0,199.0
446,12,1,499.0,0.05,474.05
447,1,1,49.0,0.05,46.55
447,15,4,199.0,0.0,796.0
447,16,3,199.0,0.0,597.0
447,20,3,199.0,0.0,597.0
448,6,4,99.0,0.0,396.0
448,5,2,299.0,0.0,598.0
448,18,1,999.0,0.1,899.1
448,10,1,99.0,0.05,94.05
449,2,2,49.0,0.0,98.0
450,9,2,999.0,0.0,1998.0
450,4,4,999.0,0.0,3996.0
451,13,3,149.0,0.15,379.95
451,17,1,99.0,0.0,99.0
451,14,1,99.0,0.0,99.0
451,3,2,149.0,0.0,298.0
452,15,4,199.0,0.05,756.2
452,6,4,99.0,0.0,396.0
452,20,1,199.0,0.15,169.15
452,17,3,99.0,0.05,282.15
453,17,3,99.0,0.0,297.0
454,14,1,99.0,0.0,99.0
454,10,2,99.0,0.0,198.0
455,10,4,99.0,0.0,396.0
455,9,3,999.0,0.1,2697.3
455,20,1,199.0,0.0,199.0
456,15,4,199.0,0.0,796.0
456,4,3,999.0,0.0,2997.0
457,5,3,299.0,0.0,897.0
458,17,2,99.0,0.1,178.2
458,7,4,49.0,0.0,196.0
459,17,2,99.0,0.0,198.0
459,9,2,999.0,0.15,1698.3
459,3,4,149.0,0.0,596.0
459,5,1,299.0,0.0,299.0
460,11,3,999.0,0.0,2997.0
461,8,3,149.0,0.15,379.95
462,8,1,149.0,0.05,141.55
463,7,2,49.0,0.05,93.1
463,16,4,199.0,0.1,716.4
464,9,1,999.0,0.0,999.0
465,18,1,999.0,0.0,999.0
465,4,2,999.0,0.1,1798.2
465,2,2,49.0,0.0,98.0
466,15,2,199.0,0.05,378.1
466,7,3,49.0,0.1,132.3
466,5,1,299.0,0.0,299.0
466,16,3,199.0,0.0,597.0
467,13,1,149.0,0.0,149.0
467,3,2,149.0,0.1,268.2
467,14,2,99.0,0.0,198.0
467,2,2,49.0,0.0,98.0
468,3,2,149.0,0.0,298.0
469,19,1,149.0,0.0,149.0
469,8,2,149.0,0.0,298.0
469,13,2,149.0,0.0,298.0
469,9,1,999.0,0.1,899.1
470,17,1,99.0,0.15,84.15
470,14,1,99.0,0.05,94.05
470,15,3,199.0,0.0,597.0
470,11,3,999.0,0.0,2997.0
471,14,1,99.0,0.1,89.1
472,19,2,149.0,0.1,268.2
473,6,1,99.0,0.0,99.0
473,10,2,99.0,0.0,198.0
473,20,4,199.0,0.05,756.2
473,13,2,149.0,0.1,268.2
474,8,2,149.0,0.0,298.0
474,11,3,999.0,0.05,2847.15
474,20,1,199.0,0.15,169.15
475,2,4,49.0,0.05,186.2
476,3,4,149.0,0.15,506.6
477,17,1,99.0,0.0,99.0
477,15,3,199.0,0.05,567.15
477,12,2,499.0,0.0,998.0
478,14,1,99.0,0.05,94.05
478,18,4,999.0,0.1,3596.4
478,1,1,49.0,0.0,49.0
478,19,3,149.0,0.0,447.0
479,7,4,49.0,0.0,196.0
479,12,1,499.0,0.05,474.05
479,11,1,999.0,0.05,949.05
479,5,3,299.0,0.0,897.0
480,8,1,149.0,0.05,141.55
480,6,4,99.0,0.0,396.0
480,3,4,149.0,0.1,536.4
480,5,1,299.0,0.0,299.0
481,5,1,299.0,0.0,299.0
481,16,1,199.0,0.05,189.05
481,7,3,49.0,0.0,147.0
482,4,2,999.0,0.1,1798.2
482,20,3,199.0,0.05,567.15
483,8,1,149.0,0.0,149.0
483,11,3,999.0,0.05,2847.15
483,5,2,299.0,0.0,598.0
484,5,4,299.0,0.0,1196.0
484,8,2,149.0,0.0,298.0
485,4,4,999.0,0.05,3796.2
485,16,4,199.0,0.0,796.0
486,9,1,999.0,0.0,999.0
487,15,1,199.0,0.05,189.05
488,1,2,49.0,0.0,98.0
488,18,3,999.0,0.0,2997.0
489,11,2,999.0,0.15,1698.3
489,9,3,999.0,0.0,2997.0
490,5,1,299.0,0.0,299.0
491,9,2,999.0,0.0,1998.0
492,10,4,99.0,0.0,396.0
492,1,4,49.0,0.05,186.2
493,13,1,149.0,0.05,141.55
493,2,4,49.0,0.0,196.0
493,17,2,99.0,0.1,178.2
493,10,3,99.0,0.05,282.15
494,20,4,199.0,0.0,796.0
494,10,2,99.0,0.05,188.1
494,4,4,999.0,0.0,3996.0
495,17,3,99.0,0.0,297.0
495,14,4,99.0,0.0,396.0
495,10,2,99.0,0.0,198.0
496,18,2,999.0,0.0,1998.0
496,20,4,199.0,0.0,796.0
496,3,2,149.0,0.0,298.0
496,14,2,99.0,0.05,188.1
497,19,3,149.0,0.0,447.0
497,10,4,99.0,0.1,356.4
497,12,3,499.0,0.0,1497.0
497,14,2,99.0,0.0,198.0
498,3,3,149.0,0.0,447.0
498,18,2,999.0,0.0,1998.0
498,8,3,149.0,0.0,447.0
498,7,4,49.0,0.0,196.0
499,15,4,199.0,0.0,796.0
499,16,1,199.0,0.0,199.0
499,7,4,49.0,0.0,196.0
499,17,2,99.0,0.0,198.0
500,11,3,999.0,0.05,2847.15
501,7,4,49.0,0.0,196.0
501,19,1,149.0,0.0,149.0
501,11,2,999.0,0.1,1798.2
502,3,2,149.0,0.05,283.1
502,8,3,149.0,0.0,447.0
503,3,2,149.0,0.0,298.0
504,1,1,49.0,0.0,49.0
505,11,4,999.0,0.0,3996.0
505,18,3,999.0,0.05,2847.15
506,8,3,149.0,0.0,447.0
506,17,4,99.0,0.0,396.0
506,6,4,99.0,0.0,396.0
506,4,1,999.0,0.15,849.15
507,3,4,149.0,0.1,536.4
508,19,3,149.0,0.0,447.0
508,8,1,149.0,0.0,149.0
508,16,3,199.0,0.0,597.0
508,10,1,99.0,0.05,94.05
509,5,3,299.0,0.15,762.45
510,4,4,999.0,0.1,3596.4
510,3,2,149.0,0.05,283.1
511,4,4,999.0,0.0,3996.0
511,5,3,299.0,0.05,852.15
511,17,3,99.0,0.05,282.15
511,12,3,499.0,0.0,1497.0
512,9,2,999.0,0.0,1998.0
513,10,1,99.0,0.05,94.05
513,19,1,149.0,0.0,149.0
513,3,4,149.0,0.0,596.0
513,6,2,99.0,0.05,188.1
514,19,2,149.0,0.0,298.0
514,7,1,49.0,0.0,49.0
515,13,3,149.0,0.0,447.0
515,19,4,149.0,0.0,596.0
516,13,3,149.0,0.0,447.0
516,10,2,99.0,0.0,198.0
516,20,2,199.0,0.0,398.0
517,16,2,199.0,0.0,398.0
517,3,1,149.0,0.1,134.1
517,12,4,499.0,0.1,1796.4
518,17,2,99.0,0.0,198.0
518,1,2,49.0,0.0,98.0
519,8,3,149.0,0.0,447.0
519,12,3,499.0,0.0,1497.0
520,13,2,149.0,0.05,283.1
520,3,1,149.0,0.05,141.55
520,1,3,49.0,0.0,147.0
520,18,1,999.0,0.0,999.0
521,17,4,99.0,0.0,396.0
522,16,4,199.0,0.0,796.0
522,5,4,299.0,0.05,1136.2
523,4,2,999.0,0.0,1998.0
523,3,4,149.0,0.05,566.2
523,19,2,149.0,0.0,298.0
524,5,2,299.0,0.0,598.0
524,13,3,149.0,0.0,447.0
524,8,3,149.0,0.05,424.65
525,3,4,149.0,0.1,536.4
525,11,3,999.0,0.1,2697.3
525,5,1,299.0,0.0,299.0
525,1,4,49.0,0.0,196.0
526,14,1,99.0,0.0,99.0
527,16,1,199.0,0.05,189.05
527,4,2,999.0,0.0,1998.0
527,20,2,199.0,0.0,398.0
527,19,1,149.0,0.05,141.55
528,10,1,99.0,0.0,99.0
528,11,3,999.0,0.0,2997.0
528,14,2,99.0,0.05,188.1
528,4,1,999.0,0.05,949.05
529,7,2,49.0,0.0,98.0
530,18,3,999.0,0.15,2547.45
530,4,2,999.0,0.0,1998.0
530,3,3,149.0,0.0,447.0
531,1,4,49.0,0.0,196.0
531,15,4,199.0,0.0,796.0
532,7,2,49.0,0.05,93.1
533,15,2,199.0,0.0,398.0
533,14,2,99.0,0.05,188.1
533,12,4,499.0,0.0,1996.0
533,13,1,149.0,0.0,149.0
534,13,3,149.0,0.0,447.0
535,1,3,49.0,0.0,147.0
535,9,4,999.0,0.0,3996.0
535,7,1,49.0,0.0,49.0
535,8,1,149.0,0.0,149.0
536,6,1,99.0,0.0,99.0
536,4,3,999.0,0.0,2997.0
537,1,3,49.0,0.0,147.0
538,9,2,999.0,0.0,1998.0
539,20,3,199.0,0.0,597.0
539,12,2,499.0,0.05,948.1
540,18,4,999.0,0.0,3996.0
541,15,1,199.0,0.0,199.0
541,16,4,199.0,0.0,796.0
542,1,3,49.0,0.0,147.0
542,2,4,49.0,0.0,196.0
543,16,1,199.0,0.1,179.1
543,18,2,999.0,0.0,1998.0
543,17,3,99.0,0.05,282.15
544,8,4,149.0,0.0,596.0
544,14,2,99.0,0.0,198.0
544,12,4,499.0,0.0,1996.0
545,4,3,999.0,0.0,2997.0
545,3,2,149.0,0.0,298.0
546,16,3,199.0,0.0,597.0
546,4,1,999.0,0.1,899.1
546,20,3,199.0,0.15,507.45
547,10,3,99.0,0.0,297.0
547,18,4,999.0,0.05,3796.2
548,20,1,199.0,0.15,169.15
548,1,3,49.0,0.0,147.0
548,2,3,49.0,0.05,139.65
549,2,4,49.0,0.05,186.2
549,15,3,199.0,0.0,597.0
549,7,1,49.0,0.05,46.55
549,6,1,99.0,0.1,89.1
550,5,3,299.0,0.05,852.15
